Workbook

Sheet Customer Record
A1: Customer_ID | B1: Customer Name | C1: Phone Number | D1: Location | E1: Status | F1: Record Check
A2: C001 | B2: ABC Traders | C2: 9876543210 | D2: Kochi | E2: Active | F2: =IF(C2="","Incomplete","Complete") -> Complete
A3: C002 | B3: XYZ Store | C3: 9876501234 | D3: Kozhikode | E3: Pending | F3: =IF(C3="","Incomplete","Complete") -> Complete
A4: C003 | B4: Green Mart | D4: Thrissur | E4: Pending | F4: =IF(C4="","Incomplete","Complete") -> Incomplete
A5: C004 | B5: ABC Traders | C5: 9876543210 | D5: Kochi | E5: Active | F5: =IF(C5="","Incomplete","Complete") -> Complete
A6: C005 | B6: Sunrise Retail | C6: 9123456780 | D6: Palakkad | E6: Active | F6: =IF(C6="","Incomplete","Complete") -> Complete
A7: C006 | B7: Metro Supplies | C7: 9988776655 | D7: Kochi | E7: Inactive | F7: =IF(C7="","Incomplete","Complete") -> Complete
A8: C007 | B8: Fresh Basket | C8: 9876123450 | D8: Malappuram | E8: Pending | F8: =IF(C8="","Incomplete","Complete") -> Complete
A9: C008 | B9: City Mart | D9: Thrissur | E9: Active | F9: =IF(C9="","Incomplete","Complete") -> Incomplete
A10: C009 | B10: Royal Store | C10: 9123456789 | D10: Kannur | E10: Active | F10: =IF(C10="","Incomplete","Complete") -> Complete
A11: C010 | B11: Prime Traders | C11: 9988776650 | D11: Kozhikode | E11: Pending | F11: =IF(C11="","Incomplete","Complete") -> Complete

Sheet Dashboard
A1: CUSTOMER DATA QUALITY DASHBOARD
A2: Total Customer Records | B2: =COUNTA('Customer Record'!A2:A11) -> 10
A3: Missing Phone Numbers | B3: =COUNTBLANK('Customer Record'!C2:C11) -> 2
A4: Pending Customers | B4: =COUNTIF('Customer Record'!E1:E11,"Pending") -> 4
A7: Customer Status | B7: Count
A8: Active | B8: =COUNTIF('Customer Record'!E1:E11,A8) -> 5
A9: Pending | B9: =COUNTIF('Customer Record'!E2:E11,A9) -> 4
A10: Inactive | B10: =COUNTIF('Customer Record'!E2:E11,A10) -> 1

Sheet Formula Practice
A1: Excel Formula Practice
A2: Customer_Name | B2: Sales_Amount | C2: Location
A3: ABC Traders | B3: 5000 | C3: Kochi
A4: XYZ Stores | B4: 3000 | C4: Kozhikode
A5: Green Mart | B5: 2000 | C5: Kochi
A6: Total Sales | B6: =SUM(B3:B5) -> 10000
A7: Sales in Kochi | B7: =SUMIF(C3:C5,"Kochi",B3:B5) -> 7000
A9: Kochi Customer Count | B9: =COUNTIF(C3:C5,"Kochi") -> 2
A10: Average Sales | B10: =AVERAGE(B3:B5) -> 3333.3333
A16: Highest Sales | B16: =MAX(B3:B5) -> 5000
A17: Lowest Sales | B17: =MIN(B3:B5) -> 2000
A19: Customer ID | B19: C005
A20: Customer Name | B20: =VLOOKUP(B19,'Customer Record'!A2:E11,2,FALSE) -> Sunrise Retail
A22: Customer ID | B22: C007
A23: Customer Name | B23: =_xlfn.XLOOKUP(B22,'Customer Record'!A2:A11,'Customer Record'!B2:B11,"Not Found") -> Fresh Basket
